full_name,gender,email,city,state,country,age,date_of_birth,phone,nat,photo_url,thumbnail_url
Naja Hansen,female,naja.hansen@example.com,Askeby,Nordjylland,Denmark,38,1988-11-19 00:56:55.180000+00:00,80891900,DK,https://randomuser.me/api/portraits/women/44.jpg,https://randomuser.me/api/portraits/thumb/women/44.jpg
Owen Thompson,male,owen.thompson@example.com,Maidstone,New Brunswick,Canada,45,1981-10-03 23:40:54.268000+00:00,343-843-6320,CA,https://randomuser.me/api/portraits/men/26.jpg,https://randomuser.me/api/portraits/thumb/men/26.jpg
Mons Holtan,male,mons.holtan@example.com,Segalstad Bru,Vest-Agder,Norway,48,1978-09-21 10:03:29.357000+00:00,81506622,NO,https://randomuser.me/api/portraits/men/24.jpg,https://randomuser.me/api/portraits/thumb/men/24.jpg
Katie Hopkins,female,katie.hopkins@example.com,Hobart,Northern Territory,Australia,72,1954-04-04 15:08:49.262000+00:00,09-2274-8964,AU,https://randomuser.me/api/portraits/women/24.jpg,https://randomuser.me/api/portraits/thumb/women/24.jpg
Eva Butler,female,eva.butler@example.com,Celbridge,Waterford,Ireland,55,1971-12-26 15:07:57.309000+00:00,051-806-0031,IE,https://randomuser.me/api/portraits/women/77.jpg,https://randomuser.me/api/portraits/thumb/women/77.jpg
Eli Johnson,male,eli.johnson@example.com,Blenheim,Wellington,New Zealand,80,1946-10-06 17:03:18.483000+00:00,(228)-581-4956,NZ,https://randomuser.me/api/portraits/men/85.jpg,https://randomuser.me/api/portraits/thumb/men/85.jpg
Angeles Marin,female,angeles.marin@example.com,San Sebastián de Los Reyes,Aragón,Spain,43,1983-05-02 14:42:28.893000+00:00,933-963-378,ES,https://randomuser.me/api/portraits/women/76.jpg,https://randomuser.me/api/portraits/thumb/women/76.jpg
Theo Miller,male,theo.miller@example.com,Georgetown,British Columbia,Canada,72,1954-07-16 12:19:57.096000+00:00,353-569-4321,CA,https://randomuser.me/api/portraits/men/56.jpg,https://randomuser.me/api/portraits/thumb/men/56.jpg
Lillian Holt,female,lillian.holt@example.com,Ardee,Roscommon,Ireland,61,1965-04-10 03:55:29.741000+00:00,021-061-4518,IE,https://randomuser.me/api/portraits/women/89.jpg,https://randomuser.me/api/portraits/thumb/women/89.jpg
Victoria Lam,female,victoria.lam@example.com,Vanier,Newfoundland and Labrador,Canada,62,1964-09-11 04:55:26.307000+00:00,273-263-8258,CA,https://randomuser.me/api/portraits/women/42.jpg,https://randomuser.me/api/portraits/thumb/women/42.jpg
Karl-August Weiß,male,karl-august.weiss@example.com,Dippoldiswalde,Sachsen,Germany,42,1984-10-23 04:51:18.952000+00:00,0632-7420704,DE,https://randomuser.me/api/portraits/men/24.jpg,https://randomuser.me/api/portraits/thumb/men/24.jpg
Ella Heller,female,ella.heller@example.com,Badhoevedorp,Groningen,Netherlands,80,1946-06-08 09:41:27.781000+00:00,(003) 9989465,NL,https://randomuser.me/api/portraits/women/76.jpg,https://randomuser.me/api/portraits/thumb/women/76.jpg
Siep Land,male,siep.land@example.com,Rekken,Limburg,Netherlands,29,1997-02-28 19:45:08.043000+00:00,(008) 2574741,NL,https://randomuser.me/api/portraits/men/98.jpg,https://randomuser.me/api/portraits/thumb/men/98.jpg
Laura Nordnes,female,laura.nordnes@example.com,Årnset,Bergen,Norway,37,1989-12-27 15:03:25.820000+00:00,30414765,NO,https://randomuser.me/api/portraits/women/77.jpg,https://randomuser.me/api/portraits/thumb/women/77.jpg
هلیا رضاییان,female,hly.rdyyn@example.com,اصفهان,گلستان,Iran,55,1971-11-27 22:56:14.540000+00:00,081-35934174,IR,https://randomuser.me/api/portraits/women/56.jpg,https://randomuser.me/api/portraits/thumb/women/56.jpg
David Marshall,male,david.marshall@example.com,Shepparton,Australian Capital Territory,Australia,67,1959-10-29 07:38:58.720000+00:00,05-0518-0299,AU,https://randomuser.me/api/portraits/men/22.jpg,https://randomuser.me/api/portraits/thumb/men/22.jpg
Noel Lillemo,male,noel.lillemo@example.com,Isfjorden,Bergen,Norway,58,1968-07-18 17:49:36.903000+00:00,61762642,NO,https://randomuser.me/api/portraits/men/96.jpg,https://randomuser.me/api/portraits/thumb/men/96.jpg
Gül Poçan,female,gul.pocan@example.com,Giresun,Bartın,Turkey,54,1972-06-09 15:44:53.278000+00:00,(697)-580-5409,TR,https://randomuser.me/api/portraits/women/29.jpg,https://randomuser.me/api/portraits/thumb/women/29.jpg
Sharron Fletcher,female,sharron.fletcher@example.com,Portlaoise,Fingal,Ireland,36,1990-04-24 22:39:48.312000+00:00,061-293-6622,IE,https://randomuser.me/api/portraits/women/84.jpg,https://randomuser.me/api/portraits/thumb/women/84.jpg
Randy Coleman,male,randy.coleman@example.com,Hartford,Wyoming,United States,69,1957-01-12 12:54:08.113000+00:00,(340)-102-0684,US,https://randomuser.me/api/portraits/men/75.jpg,https://randomuser.me/api/portraits/thumb/men/75.jpg
عباس رضایی,male,aabs.rdyy@example.com,رشت,خوزستان,Iran,60,1966-09-14 21:59:02.229000+00:00,057-54498282,IR,https://randomuser.me/api/portraits/men/36.jpg,https://randomuser.me/api/portraits/thumb/men/36.jpg
Silke Francois,female,silke.francois@example.com,Hochwald,Obwalden,Switzerland,39,1987-05-21 09:23:44.721000+00:00,077 565 56 35,CH,https://randomuser.me/api/portraits/women/52.jpg,https://randomuser.me/api/portraits/thumb/women/52.jpg
آیلین زارعی,female,aylyn.zraay@example.com,نجف‌آباد,سیستان و بلوچستان,Iran,64,1962-03-17 20:16:43.937000+00:00,033-15926238,IR,https://randomuser.me/api/portraits/women/59.jpg,https://randomuser.me/api/portraits/thumb/women/59.jpg
Alison Perez,female,alison.perez@example.com,Hereford,Gwynedd County,United Kingdom,57,1969-08-29 04:21:42.527000+00:00,017683 46603,GB,https://randomuser.me/api/portraits/women/0.jpg,https://randomuser.me/api/portraits/thumb/women/0.jpg
Erica Byrd,female,erica.byrd@example.com,Everett,Arkansas,United States,55,1971-06-09 15:04:57.393000+00:00,(677)-447-8058,US,https://randomuser.me/api/portraits/women/25.jpg,https://randomuser.me/api/portraits/thumb/women/25.jpg
Amir Masson,male,amir.masson@example.com,Worb,Aargau,Switzerland,45,1981-01-28 22:14:09.357000+00:00,078 607 84 66,CH,https://randomuser.me/api/portraits/men/60.jpg,https://randomuser.me/api/portraits/thumb/men/60.jpg
Zeferina Ramos,female,zeferina.ramos@example.com,Rio Grande,Amapá,Brazil,28,1998-01-29 07:27:23.504000+00:00,(17) 3783-2926,BR,https://randomuser.me/api/portraits/women/51.jpg,https://randomuser.me/api/portraits/thumb/women/51.jpg
Ella Salmi,female,ella.salmi@example.com,Rääkkylä,Åland,Finland,64,1962-01-13 05:49:29.513000+00:00,05-030-272,FI,https://randomuser.me/api/portraits/women/8.jpg,https://randomuser.me/api/portraits/thumb/women/8.jpg
Regina Lopez,female,regina.lopez@example.com,Chandler,Arkansas,United States,62,1964-01-30 14:12:36.961000+00:00,(561)-253-5358,US,https://randomuser.me/api/portraits/women/77.jpg,https://randomuser.me/api/portraits/thumb/women/77.jpg
Sophia Gaillard,female,sophia.gaillard@example.com,Perpignan,Haute-Garonne,France,54,1972-07-17 00:37:09.290000+00:00,01-86-55-30-42,FR,https://randomuser.me/api/portraits/women/43.jpg,https://randomuser.me/api/portraits/thumb/women/43.jpg
Alice Evans,female,alice.evans@example.com,Palmerston North,Southland,New Zealand,45,1981-05-03 14:54:41.842000+00:00,(073)-545-9787,NZ,https://randomuser.me/api/portraits/women/59.jpg,https://randomuser.me/api/portraits/thumb/women/59.jpg
Leevi Ojala,male,leevi.ojala@example.com,Eckerö,Finland Proper,Finland,52,1974-05-02 20:31:23.092000+00:00,04-517-792,FI,https://randomuser.me/api/portraits/men/85.jpg,https://randomuser.me/api/portraits/thumb/men/85.jpg
Yasir Nordgård,male,yasir.nordgard@example.com,Silsand,Oslo,Norway,72,1954-05-08 11:53:31.621000+00:00,88213094,NO,https://randomuser.me/api/portraits/men/24.jpg,https://randomuser.me/api/portraits/thumb/men/24.jpg
Sean Matthews,male,sean.matthews@example.com,Derby,County Down,United Kingdom,52,1974-06-25 09:28:06.759000+00:00,01762 872980,GB,https://randomuser.me/api/portraits/men/50.jpg,https://randomuser.me/api/portraits/thumb/men/50.jpg
Tommaso Lucas,male,tommaso.lucas@example.com,Le Cerneux-Péquignot,Obwalden,Switzerland,71,1955-01-04 22:08:01.292000+00:00,076 623 80 89,CH,https://randomuser.me/api/portraits/men/45.jpg,https://randomuser.me/api/portraits/thumb/men/45.jpg
Borja Lozano,male,borja.lozano@example.com,Alcalá de Henares,Andalucía,Spain,34,1992-10-13 00:37:47.794000+00:00,933-425-271,ES,https://randomuser.me/api/portraits/men/46.jpg,https://randomuser.me/api/portraits/thumb/men/46.jpg
Donato Da Silva,male,donato.dasilva@example.com,Oberrohrdorf,Neuchâtel,Switzerland,71,1955-10-18 04:41:16.804000+00:00,079 913 49 57,CH,https://randomuser.me/api/portraits/men/47.jpg,https://randomuser.me/api/portraits/thumb/men/47.jpg
ماهان محمدخان,male,mhn.mhmdkhn@example.com,مشهد,اصفهان,Iran,59,1967-04-22 13:25:21.924000+00:00,071-86036602,IR,https://randomuser.me/api/portraits/men/25.jpg,https://randomuser.me/api/portraits/thumb/men/25.jpg
Laura Unneland,female,laura.unneland@example.com,Kviteseid,Buskerud,Norway,70,1956-02-22 16:35:24.463000+00:00,36807025,NO,https://randomuser.me/api/portraits/women/37.jpg,https://randomuser.me/api/portraits/thumb/women/37.jpg
Katie Chapman,female,katie.chapman@example.com,Lousville,Nebraska,United States,65,1961-04-09 03:30:26.216000+00:00,(164)-146-7847,US,https://randomuser.me/api/portraits/women/55.jpg,https://randomuser.me/api/portraits/thumb/women/55.jpg
Juho Saarela,male,juho.saarela@example.com,Nivala,Central Ostrobothnia,Finland,69,1957-09-24 06:56:32.626000+00:00,05-177-300,FI,https://randomuser.me/api/portraits/men/75.jpg,https://randomuser.me/api/portraits/thumb/men/75.jpg
Ella Kujala,female,ella.kujala@example.com,Saltvik,Central Finland,Finland,40,1986-04-12 08:51:32.234000+00:00,04-149-082,FI,https://randomuser.me/api/portraits/women/65.jpg,https://randomuser.me/api/portraits/thumb/women/65.jpg
Lopo Porto,male,lopo.porto@example.com,Itabuna,Maranhão,Brazil,81,1945-09-08 16:32:48.589000+00:00,(62) 9414-3158,BR,https://randomuser.me/api/portraits/men/49.jpg,https://randomuser.me/api/portraits/thumb/men/49.jpg
Claire Johnston,female,claire.johnston@example.com,Tullamore,Donegal,Ireland,57,1969-02-10 03:01:49.377000+00:00,021-649-9584,IE,https://randomuser.me/api/portraits/women/33.jpg,https://randomuser.me/api/portraits/thumb/women/33.jpg
Ernest Reyes,male,ernest.reyes@example.com,Preston,County Fermanagh,United Kingdom,74,1952-09-28 16:47:22.928000+00:00,016973 04552,GB,https://randomuser.me/api/portraits/men/69.jpg,https://randomuser.me/api/portraits/thumb/men/69.jpg
Joao Gonzalez,male,joao.gonzalez@example.com,Confignon,Basel-Stadt,Switzerland,43,1983-05-20 21:09:00.952000+00:00,079 530 95 03,CH,https://randomuser.me/api/portraits/men/51.jpg,https://randomuser.me/api/portraits/thumb/men/51.jpg
Bente Hau,female,bente.hau@example.com,Bussum,Noord-Brabant,Netherlands,80,1946-02-02 23:57:32.626000+00:00,(010) 1184097,NL,https://randomuser.me/api/portraits/women/3.jpg,https://randomuser.me/api/portraits/thumb/women/3.jpg
Noëlle Dupont,female,noelle.dupont@example.com,Zillis-Reischen,Uri,Switzerland,80,1946-08-23 23:06:28.153000+00:00,078 415 89 98,CH,https://randomuser.me/api/portraits/women/67.jpg,https://randomuser.me/api/portraits/thumb/women/67.jpg
Henny Tjørhom,female,henny.tjorhom@example.com,Kongsvinger,Description,Norway,34,1992-08-27 14:11:38.454000+00:00,31838381,NO,https://randomuser.me/api/portraits/women/78.jpg,https://randomuser.me/api/portraits/thumb/women/78.jpg
Özsu Atan,female,ozsu.atan@example.com,Bilecik,Edirne,Turkey,31,1995-06-26 20:53:30.206000+00:00,(629)-443-0863,TR,https://randomuser.me/api/portraits/women/75.jpg,https://randomuser.me/api/portraits/thumb/women/75.jpg
